card_id,account_id,card_hash
1,100302,hash_1
2,100056,hash_2
3,100569,hash_3
4,100328,hash_4
5,100298,hash_5
6,100036,hash_6
7,100694,hash_7
8,100556,hash_8
9,100443,hash_9
10,100255,hash_10
11,100213,hash_11
12,100225,hash_12
13,100411,hash_13
14,100318,hash_14
15,100076,hash_15
16,100344,hash_16
17,100487,hash_17
18,100093,hash_18
19,100317,hash_19
20,100681,hash_20
21,100361,hash_21
22,100460,hash_22
23,100313,hash_23
24,100198,hash_24
25,100099,hash_25
26,100211,hash_26
27,100536,hash_27
28,100519,hash_28
29,100047,hash_29
30,100106,hash_30
31,100514,hash_31
32,100321,hash_32
33,100276,hash_33
34,100007,hash_34
35,100018,hash_35
36,100673,hash_36
37,100236,hash_37
38,100238,hash_38
39,100167,hash_39
40,100054,hash_40
41,100481,hash_41
42,100189,hash_42
43,100026,hash_43
44,100480,hash_44
45,100280,hash_45
46,100341,hash_46
47,100596,hash_47
48,100369,hash_48
49,100372,hash_49
50,100547,hash_50
51,100225,hash_51
52,100233,hash_52
53,100511,hash_53
54,100360,hash_54
55,100071,hash_55
56,100431,hash_56
57,100383,hash_57
58,100498,hash_58
59,100466,hash_59
60,100159,hash_60
61,100679,hash_61
62,100064,hash_62
63,100480,hash_63
64,100162,hash_64
65,100112,hash_65
66,100670,hash_66
67,100501,hash_67
68,100436,hash_68
69,100503,hash_69
70,100151,hash_70
71,100080,hash_71
72,100076,hash_72
73,100442,hash_73
74,100112,hash_74
75,100533,hash_75
76,100388,hash_76
77,100029,hash_77
78,100310,hash_78
79,100490,hash_79
80,100321,hash_80
81,100075,hash_81
82,100494,hash_82
83,100445,hash_83
84,100203,hash_84
85,100321,hash_85
86,100090,hash_86
87,100149,hash_87
88,100588,hash_88
89,100525,hash_89
90,100164,hash_90
91,100119,hash_91
92,100184,hash_92
93,100539,hash_93
94,100106,hash_94
95,100319,hash_95
96,100137,hash_96
97,100306,hash_97
98,100001,hash_98
99,100396,hash_99
100,100519,hash_100
101,100551,hash_101
102,100474,hash_102
103,100400,hash_103
104,100284,hash_104
105,100308,hash_105
106,100428,hash_106
107,100494,hash_107
108,100564,hash_108
109,100547,hash_109
110,100515,hash_110
111,100018,hash_111
112,100447,hash_112
113,100115,hash_113
114,100292,hash_114
115,100202,hash_115
116,100252,hash_116
117,100508,hash_117
118,100357,hash_118
119,100101,hash_119
120,100185,hash_120
121,100085,hash_121
122,100491,hash_122
123,100469,hash_123
124,100065,hash_124
125,100134,hash_125
126,100121,hash_126
127,100235,hash_127
128,100518,hash_128
129,100470,hash_129
130,100653,hash_130
131,100440,hash_131
132,100532,hash_132
133,100024,hash_133
134,100165,hash_134
135,100531,hash_135
136,100192,hash_136
137,100477,hash_137
138,100412,hash_138
139,100467,hash_139
140,100255,hash_140
141,100395,hash_141
142,100331,hash_142
143,100006,hash_143
144,100504,hash_144
145,100526,hash_145
146,100688,hash_146
147,100151,hash_147
148,100056,hash_148
149,100326,hash_149
150,100505,hash_150
151,100199,hash_151
152,100074,hash_152
153,100540,hash_153
154,100221,hash_154
155,100405,hash_155
156,100206,hash_156
157,100358,hash_157
158,100695,hash_158
159,100602,hash_159
160,100477,hash_160
161,100553,hash_161
162,100349,hash_162
163,100622,hash_163
164,100125,hash_164
165,100550,hash_165
166,100530,hash_166
167,100306,hash_167
168,100098,hash_168
169,100512,hash_169
170,100688,hash_170
171,100385,hash_171
172,100296,hash_172
173,100411,hash_173
174,100695,hash_174
175,100310,hash_175
176,100437,hash_176
177,100525,hash_177
178,100243,hash_178
179,100019,hash_179
180,100311,hash_180
181,100558,hash_181
182,100133,hash_182
183,100618,hash_183
184,100570,hash_184
185,100593,hash_185
186,100116,hash_186
187,100169,hash_187
188,100315,hash_188
189,100641,hash_189
190,100276,hash_190
191,100132,hash_191
192,100027,hash_192
193,100592,hash_193
194,100153,hash_194
195,100365,hash_195
196,100671,hash_196
197,100570,hash_197
198,100563,hash_198
199,100586,hash_199
200,100223,hash_200
201,100636,hash_201
202,100262,hash_202
203,100202,hash_203
204,100591,hash_204
205,100684,hash_205
206,100159,hash_206
207,100200,hash_207
208,100377,hash_208
209,100664,hash_209
210,100077,hash_210
211,100617,hash_211
212,100658,hash_212
213,100241,hash_213
214,100225,hash_214
215,100631,hash_215
216,100304,hash_216
217,100020,hash_217
218,100624,hash_218
219,100566,hash_219
220,100312,hash_220
221,100057,hash_221
222,100458,hash_222
223,100326,hash_223
224,100630,hash_224
225,100256,hash_225
226,100378,hash_226
227,100240,hash_227
228,100547,hash_228
229,100477,hash_229
230,100523,hash_230
231,100452,hash_231
232,100384,hash_232
233,100276,hash_233
234,100673,hash_234
235,100585,hash_235
236,100488,hash_236
237,100690,hash_237
238,100036,hash_238
239,100137,hash_239
240,100273,hash_240
241,100516,hash_241
242,100487,hash_242
243,100621,hash_243
244,100439,hash_244
245,100557,hash_245
246,100594,hash_246
247,100563,hash_247
248,100634,hash_248
249,100275,hash_249
250,100414,hash_250
251,100189,hash_251
252,100050,hash_252
253,100602,hash_253
254,100238,hash_254
255,100403,hash_255
256,100541,hash_256
257,100614,hash_257
258,100176,hash_258
259,100343,hash_259
260,100070,hash_260
261,100237,hash_261
262,100170,hash_262
263,100168,hash_263
264,100035,hash_264
265,100370,hash_265
266,100623,hash_266
267,100654,hash_267
268,100282,hash_268
269,100228,hash_269
270,100230,hash_270
271,100545,hash_271
272,100473,hash_272
273,100465,hash_273
274,100579,hash_274
275,100059,hash_275
276,100225,hash_276
277,100099,hash_277
278,100063,hash_278
279,100109,hash_279
280,100109,hash_280
281,100510,hash_281
282,100652,hash_282
283,100235,hash_283
284,100228,hash_284
285,100044,hash_285
286,100135,hash_286
287,100066,hash_287
288,100671,hash_288
289,100428,hash_289
290,100226,hash_290
291,100565,hash_291
292,100125,hash_292
293,100093,hash_293
294,100473,hash_294
295,100382,hash_295
296,100312,hash_296
297,100537,hash_297
298,100501,hash_298
299,100098,hash_299
300,100234,hash_300
301,100034,hash_301
302,100373,hash_302
303,100328,hash_303
304,100332,hash_304
305,100335,hash_305
306,100192,hash_306
307,100530,hash_307
308,100108,hash_308
309,100245,hash_309
310,100265,hash_310
311,100345,hash_311
312,100433,hash_312
313,100631,hash_313
314,100202,hash_314
315,100323,hash_315
316,100614,hash_316
317,100159,hash_317
318,100164,hash_318
319,100244,hash_319
320,100131,hash_320
321,100172,hash_321
322,100119,hash_322
323,100071,hash_323
324,100383,hash_324
325,100400,hash_325
326,100177,hash_326
327,100335,hash_327
328,100326,hash_328
329,100273,hash_329
330,100322,hash_330
331,100591,hash_331
332,100170,hash_332
333,100437,hash_333
334,100217,hash_334
335,100634,hash_335
336,100605,hash_336
337,100111,hash_337
338,100683,hash_338
339,100577,hash_339
340,100196,hash_340
341,100553,hash_341
342,100248,hash_342
343,100450,hash_343
344,100205,hash_344
345,100616,hash_345
346,100089,hash_346
347,100291,hash_347
348,100283,hash_348
349,100259,hash_349
350,100416,hash_350
351,100699,hash_351
352,100500,hash_352
353,100030,hash_353
354,100361,hash_354
355,100636,hash_355
356,100392,hash_356
357,100467,hash_357
358,100234,hash_358
359,100589,hash_359
360,100462,hash_360
361,100687,hash_361
362,100468,hash_362
363,100420,hash_363
364,100149,hash_364
365,100270,hash_365
366,100608,hash_366
367,100289,hash_367
368,100541,hash_368
369,100024,hash_369
370,100664,hash_370
371,100013,hash_371
372,100069,hash_372
373,100548,hash_373
374,100499,hash_374
375,100215,hash_375
376,100326,hash_376
377,100086,hash_377
378,100463,hash_378
379,100431,hash_379
380,100693,hash_380
381,100462,hash_381
382,100292,hash_382
383,100671,hash_383
384,100549,hash_384
385,100420,hash_385
386,100246,hash_386
387,100348,hash_387
388,100184,hash_388
389,100540,hash_389
390,100114,hash_390
391,100193,hash_391
392,100126,hash_392
393,100537,hash_393
394,100377,hash_394
395,100341,hash_395
396,100069,hash_396
397,100445,hash_397
398,100149,hash_398
399,100497,hash_399
400,100161,hash_400
401,100541,hash_401
402,100500,hash_402
403,100223,hash_403
404,100329,hash_404
405,100171,hash_405
406,100099,hash_406
407,100190,hash_407
408,100694,hash_408
409,100684,hash_409
410,100066,hash_410
411,100655,hash_411
412,100520,hash_412
413,100568,hash_413
414,100496,hash_414
415,100454,hash_415
416,100178,hash_416
417,100089,hash_417
418,100119,hash_418
419,100379,hash_419
420,100527,hash_420
421,100696,hash_421
422,100490,hash_422
423,100570,hash_423
424,100267,hash_424
425,100575,hash_425
426,100374,hash_426
427,100623,hash_427
428,100669,hash_428
429,100194,hash_429
430,100581,hash_430
431,100047,hash_431
432,100669,hash_432
433,100272,hash_433
434,100041,hash_434
435,100568,hash_435
436,100322,hash_436
437,100234,hash_437
438,100561,hash_438
439,100245,hash_439
440,100197,hash_440
441,100328,hash_441
442,100150,hash_442
443,100007,hash_443
444,100221,hash_444
445,100562,hash_445
446,100016,hash_446
447,100261,hash_447
448,100657,hash_448
449,100684,hash_449
450,100609,hash_450
451,100409,hash_451
452,100535,hash_452
453,100287,hash_453
454,100582,hash_454
455,100609,hash_455
456,100348,hash_456
457,100651,hash_457
458,100337,hash_458
459,100250,hash_459
460,100553,hash_460
461,100526,hash_461
462,100669,hash_462
463,100079,hash_463
464,100438,hash_464
465,100585,hash_465
466,100391,hash_466
467,100071,hash_467
468,100388,hash_468
469,100277,hash_469
470,100293,hash_470
471,100155,hash_471
472,100626,hash_472
473,100464,hash_473
474,100037,hash_474
475,100052,hash_475
476,100466,hash_476
477,100113,hash_477
478,100118,hash_478
479,100143,hash_479
480,100449,hash_480
481,100642,hash_481
482,100123,hash_482
483,100183,hash_483
484,100045,hash_484
485,100036,hash_485
486,100139,hash_486
487,100186,hash_487
488,100387,hash_488
489,100452,hash_489
490,100671,hash_490
491,100106,hash_491
492,100537,hash_492
493,100539,hash_493
494,100440,hash_494
495,100125,hash_495
496,100266,hash_496
497,100211,hash_497
498,100218,hash_498
499,100071,hash_499
500,100315,hash_500
501,100016,hash_501
502,100031,hash_502
503,100429,hash_503
504,100555,hash_504
505,100513,hash_505
506,100496,hash_506
507,100428,hash_507
508,100638,hash_508
509,100504,hash_509
510,100005,hash_510
511,100100,hash_511
512,100499,hash_512
513,100401,hash_513
514,100382,hash_514
515,100167,hash_515
516,100066,hash_516
517,100681,hash_517
518,100061,hash_518
519,100254,hash_519
520,100109,hash_520
521,100178,hash_521
522,100390,hash_522
523,100383,hash_523
524,100685,hash_524
525,100587,hash_525
526,100111,hash_526
527,100298,hash_527
528,100213,hash_528
529,100699,hash_529
530,100655,hash_530
531,100005,hash_531
532,100434,hash_532
533,100482,hash_533
534,100533,hash_534
535,100057,hash_535
536,100009,hash_536
537,100362,hash_537
538,100407,hash_538
539,100207,hash_539
540,100382,hash_540
541,100125,hash_541
542,100258,hash_542
543,100610,hash_543
544,100205,hash_544
545,100444,hash_545
546,100607,hash_546
547,100510,hash_547
548,100265,hash_548
549,100401,hash_549
550,100463,hash_550
551,100534,hash_551
552,100564,hash_552
553,100311,hash_553
554,100141,hash_554
555,100499,hash_555
556,100485,hash_556
557,100384,hash_557
558,100031,hash_558
559,100399,hash_559
560,100646,hash_560
561,100586,hash_561
562,100092,hash_562
563,100300,hash_563
564,100651,hash_564
565,100579,hash_565
566,100645,hash_566
567,100687,hash_567
568,100155,hash_568
569,100663,hash_569
570,100355,hash_570
571,100286,hash_571
572,100116,hash_572
573,100555,hash_573
574,100094,hash_574
575,100227,hash_575
576,100012,hash_576
577,100527,hash_577
578,100323,hash_578
579,100152,hash_579
580,100034,hash_580
581,100459,hash_581
582,100172,hash_582
583,100077,hash_583
584,100549,hash_584
585,100673,hash_585
586,100238,hash_586
587,100228,hash_587
588,100414,hash_588
589,100129,hash_589
590,100143,hash_590
591,100277,hash_591
592,100075,hash_592
593,100683,hash_593
594,100132,hash_594
595,100172,hash_595
596,100287,hash_596
597,100680,hash_597
598,100399,hash_598
599,100541,hash_599
600,100175,hash_600
601,100550,hash_601
602,100111,hash_602
603,100379,hash_603
604,100653,hash_604
605,100326,hash_605
606,100166,hash_606
607,100526,hash_607
608,100228,hash_608
609,100405,hash_609
610,100108,hash_610
611,100396,hash_611
612,100048,hash_612
613,100378,hash_613
614,100061,hash_614
615,100347,hash_615
616,100346,hash_616
617,100171,hash_617
618,100445,hash_618
619,100014,hash_619
620,100672,hash_620
621,100001,hash_621
622,100042,hash_622
623,100413,hash_623
624,100103,hash_624
625,100175,hash_625
626,100097,hash_626
627,100194,hash_627
628,100435,hash_628
629,100589,hash_629
630,100291,hash_630
631,100426,hash_631
632,100561,hash_632
633,100065,hash_633
634,100074,hash_634
635,100351,hash_635
636,100616,hash_636
637,100274,hash_637
638,100124,hash_638
639,100282,hash_639
640,100639,hash_640
641,100288,hash_641
642,100063,hash_642
643,100618,hash_643
644,100631,hash_644
645,100021,hash_645
646,100275,hash_646
647,100347,hash_647
648,100654,hash_648
649,100566,hash_649
650,100202,hash_650
651,100198,hash_651
652,100615,hash_652
653,100684,hash_653
654,100260,hash_654
655,100348,hash_655
656,100625,hash_656
657,100258,hash_657
658,100187,hash_658
659,100339,hash_659
660,100522,hash_660
661,100461,hash_661
662,100200,hash_662
663,100483,hash_663
664,100123,hash_664
665,100037,hash_665
666,100129,hash_666
667,100411,hash_667
668,100097,hash_668
669,100176,hash_669
670,100594,hash_670
671,100624,hash_671
672,100276,hash_672
673,100669,hash_673
674,100637,hash_674
675,100101,hash_675
676,100054,hash_676
677,100443,hash_677
678,100343,hash_678
679,100212,hash_679
680,100181,hash_680
681,100104,hash_681
682,100408,hash_682
683,100469,hash_683
684,100450,hash_684
685,100345,hash_685
686,100313,hash_686
687,100310,hash_687
688,100185,hash_688
689,100629,hash_689
690,100567,hash_690
691,100344,hash_691
692,100244,hash_692
693,100622,hash_693
694,100355,hash_694
695,100342,hash_695
696,100107,hash_696
697,100460,hash_697
698,100069,hash_698
699,100625,hash_699
700,100327,hash_700
701,100185,hash_701
702,100682,hash_702
703,100125,hash_703
704,100160,hash_704
705,100483,hash_705
706,100459,hash_706
707,100597,hash_707
708,100465,hash_708
709,100605,hash_709
710,100291,hash_710
711,100084,hash_711
712,100210,hash_712
713,100545,hash_713
714,100583,hash_714
715,100654,hash_715
716,100072,hash_716
717,100521,hash_717
718,100189,hash_718
719,100670,hash_719
720,100033,hash_720
721,100685,hash_721
722,100060,hash_722
723,100012,hash_723
724,100558,hash_724
725,100137,hash_725
726,100212,hash_726
727,100390,hash_727
728,100071,hash_728
729,100361,hash_729
730,100171,hash_730
731,100647,hash_731
732,100555,hash_732
733,100146,hash_733
734,100672,hash_734
735,100601,hash_735
736,100075,hash_736
737,100604,hash_737
738,100081,hash_738
739,100581,hash_739
740,100166,hash_740
741,100633,hash_741
742,100095,hash_742
743,100432,hash_743
744,100438,hash_744
745,100588,hash_745
746,100034,hash_746
747,100081,hash_747
748,100315,hash_748
749,100570,hash_749
750,100562,hash_750
751,100630,hash_751
752,100199,hash_752
753,100403,hash_753
754,100425,hash_754
755,100089,hash_755
756,100455,hash_756
757,100461,hash_757
758,100146,hash_758
759,100401,hash_759
760,100081,hash_760
761,100565,hash_761
762,100486,hash_762
763,100419,hash_763
764,100054,hash_764
765,100437,hash_765
766,100633,hash_766
767,100592,hash_767
768,100363,hash_768
769,100140,hash_769
770,100054,hash_770
771,100109,hash_771
772,100270,hash_772
773,100226,hash_773
774,100040,hash_774
775,100241,hash_775
776,100413,hash_776
777,100112,hash_777
778,100289,hash_778
779,100370,hash_779
780,100076,hash_780
781,100583,hash_781
782,100137,hash_782
783,100631,hash_783
784,100303,hash_784
785,100216,hash_785
786,100572,hash_786
787,100038,hash_787
788,100630,hash_788
789,100700,hash_789
790,100079,hash_790
791,100313,hash_791
792,100016,hash_792
793,100117,hash_793
794,100399,hash_794
795,100095,hash_795
796,100363,hash_796
797,100422,hash_797
798,100610,hash_798
799,100091,hash_799
800,100230,hash_800
801,100091,hash_801
802,100688,hash_802
803,100602,hash_803
804,100027,hash_804
805,100421,hash_805
806,100594,hash_806
807,100053,hash_807
808,100676,hash_808
809,100228,hash_809
810,100119,hash_810
811,100608,hash_811
812,100330,hash_812
813,100647,hash_813
814,100442,hash_814
815,100608,hash_815
816,100672,hash_816
817,100142,hash_817
818,100217,hash_818
819,100249,hash_819
820,100211,hash_820
821,100698,hash_821
822,100032,hash_822
823,100557,hash_823
824,100127,hash_824
825,100283,hash_825
826,100404,hash_826
827,100315,hash_827
828,100398,hash_828
829,100606,hash_829
830,100468,hash_830
831,100344,hash_831
832,100688,hash_832
833,100024,hash_833
834,100344,hash_834
835,100170,hash_835
836,100019,hash_836
837,100405,hash_837
838,100368,hash_838
839,100488,hash_839
840,100198,hash_840
841,100641,hash_841
842,100492,hash_842
843,100565,hash_843
844,100563,hash_844
845,100118,hash_845
846,100206,hash_846
847,100276,hash_847
848,100558,hash_848
849,100639,hash_849
850,100308,hash_850
851,100401,hash_851
852,100097,hash_852
853,100415,hash_853
854,100263,hash_854
855,100042,hash_855
856,100458,hash_856
857,100321,hash_857
858,100139,hash_858
859,100478,hash_859
860,100439,hash_860
861,100362,hash_861
862,100245,hash_862
863,100199,hash_863
864,100010,hash_864
865,100205,hash_865
866,100486,hash_866
867,100433,hash_867
868,100247,hash_868
869,100463,hash_869
870,100226,hash_870
871,100630,hash_871
872,100013,hash_872
873,100268,hash_873
874,100359,hash_874
875,100604,hash_875
876,100028,hash_876
877,100055,hash_877
878,100650,hash_878
879,100016,hash_879
880,100346,hash_880
881,100400,hash_881
882,100691,hash_882
883,100418,hash_883
884,100514,hash_884
885,100619,hash_885
886,100418,hash_886
887,100559,hash_887
888,100467,hash_888
889,100282,hash_889
890,100434,hash_890
891,100234,hash_891
892,100669,hash_892
893,100234,hash_893
894,100313,hash_894
895,100061,hash_895
896,100402,hash_896
897,100322,hash_897
898,100351,hash_898
899,100130,hash_899
900,100231,hash_900
901,100420,hash_901
902,100140,hash_902
903,100543,hash_903
904,100020,hash_904
905,100191,hash_905
906,100124,hash_906
907,100407,hash_907
908,100033,hash_908
909,100314,hash_909
910,100133,hash_910
911,100255,hash_911
912,100588,hash_912
913,100270,hash_913
914,100236,hash_914
915,100547,hash_915
916,100485,hash_916
917,100621,hash_917
918,100660,hash_918
919,100672,hash_919
920,100357,hash_920
921,100526,hash_921
922,100169,hash_922
923,100392,hash_923
924,100479,hash_924
925,100663,hash_925
926,100097,hash_926
927,100143,hash_927
928,100318,hash_928
929,100024,hash_929
930,100343,hash_930
931,100304,hash_931
932,100581,hash_932
933,100443,hash_933
934,100141,hash_934
935,100339,hash_935
936,100307,hash_936
937,100621,hash_937
938,100216,hash_938
939,100032,hash_939
940,100142,hash_940
941,100559,hash_941
942,100043,hash_942
943,100526,hash_943
944,100300,hash_944
945,100053,hash_945
946,100200,hash_946
947,100338,hash_947
948,100333,hash_948
949,100570,hash_949
950,100471,hash_950
951,100265,hash_951
952,100410,hash_952
953,100047,hash_953
954,100618,hash_954
955,100250,hash_955
956,100499,hash_956
957,100230,hash_957
958,100111,hash_958
959,100276,hash_959
960,100235,hash_960
961,100083,hash_961
962,100482,hash_962
963,100448,hash_963
964,100224,hash_964
965,100226,hash_965
966,100169,hash_966
967,100251,hash_967
968,100435,hash_968
969,100300,hash_969
970,100585,hash_970
971,100486,hash_971
972,100013,hash_972
973,100610,hash_973
974,100208,hash_974
975,100542,hash_975
976,100171,hash_976
977,100602,hash_977
978,100069,hash_978
979,100204,hash_979
980,100393,hash_980
981,100598,hash_981
982,100595,hash_982
983,100626,hash_983
984,100568,hash_984
985,100587,hash_985
986,100066,hash_986
987,100347,hash_987
988,100026,hash_988
989,100547,hash_989
990,100421,hash_990
991,100019,hash_991
992,100145,hash_992
993,100633,hash_993
994,100190,hash_994
995,100226,hash_995
996,100250,hash_996
997,100141,hash_997
998,100348,hash_998
999,100112,hash_999
1000,100520,hash_1000
